{
  "configVersion": 1,
  "timestamp": 1614829562781,
  "index": "/appServi/index.html",
  "assetGroups": [
    {
      "name": "app",
      "installMode": "prefetch",
      "updateMode": "prefetch",
      "urls": [
        "/appServi/1-es5.971cbf5fc45663de035a.js",
        "/appServi/10-es2015.ff52bbe1371df46ac2cc.js",
        "/appServi/10-es5.731e1802bfdbbe53fed5.js",
        "/appServi/100-es2015.aac6cd2cfd9ba81f218a.js",
        "/appServi/100-es5.817c698ef4ba1569f61b.js",
        "/appServi/101-es2015.9abab615e2fc5a813fa8.js",
        "/appServi/101-es5.977baa45fbf70efc51b2.js",
        "/appServi/102-es2015.3c8abcab04d857d099fa.js",
        "/appServi/102-es5.0abbbc42da34510fbe81.js",
        "/appServi/103-es2015.9ff3abdd891d39bb95b9.js",
        "/appServi/103-es5.cb4caaa8e405d003bd73.js",
        "/appServi/104-es2015.49159d65b3ce3769076d.js",
        "/appServi/104-es5.3dc211496654e646fbc4.js",
        "/appServi/105-es2015.3eb8d7ea2140f2239df0.js",
        "/appServi/105-es5.208587b19ea4fa06ab77.js",
        "/appServi/106-es2015.84b3b4e603b853898e8b.js",
        "/appServi/106-es5.820e56775b67f5dcfd53.js",
        "/appServi/107-es2015.c51dfef799591056b36f.js",
        "/appServi/107-es5.4cabd141a28741af4fe1.js",
        "/appServi/108-es2015.1156d82c44605e179195.js",
        "/appServi/108-es5.d106931030e16d180fba.js",
        "/appServi/109-es2015.524ca9cbb12dc9151b72.js",
        "/appServi/109-es5.0d56953d05d7fd6a6630.js",
        "/appServi/11-es2015.84d7ca2803ae5175bf68.js",
        "/appServi/11-es5.841bedf049077a4480bf.js",
        "/appServi/110-es2015.d23070e848aaee629a26.js",
        "/appServi/110-es5.2c0eedf786979eaf24b6.js",
        "/appServi/111-es2015.f1760fcf6dc9bd32e72e.js",
        "/appServi/111-es5.9fa3cb74040e0407470d.js",
        "/appServi/112-es2015.b090588f1e8d1fa5a49c.js",
        "/appServi/112-es5.62bd5898546b2d0a0a5a.js",
        "/appServi/113-es2015.d75966437fce3a889c18.js",
        "/appServi/113-es5.80c798a33edd5fb6d61a.js",
        "/appServi/114-es2015.090919a9bdea97a9f221.js",
        "/appServi/114-es5.d60ff75c5901737e37a8.js",
        "/appServi/115-es2015.5eed691497b3321a9475.js",
        "/appServi/115-es5.99ac511f7fd3c32f5eaa.js",
        "/appServi/116-es2015.0c1e3d88b09e7571202a.js",
        "/appServi/116-es5.3b7e292802acaa261f33.js",
        "/appServi/117-es2015.7307c2ed11e56685fc4e.js",
        "/appServi/117-es5.fb4f7bed8f0a33b4c403.js",
        "/appServi/118-es2015.26b2373bfc348ff75c87.js",
        "/appServi/118-es5.6712c3fac61ef4fe4894.js",
        "/appServi/119-es2015.fad5c8cf1e31a7e9674b.js",
        "/appServi/119-es5.07598a08b6997457eb3b.js",
        "/appServi/12-es2015.a28e5b6dcb9fc3bace7b.js",
        "/appServi/12-es5.1b737f7ae5707ee8d872.js",
        "/appServi/120-es2015.395e606606cbf7a50b79.js",
        "/appServi/120-es5.4f3165c140e271d9de46.js",
        "/appServi/121-es2015.f414f2b600f693d591e4.js",
        "/appServi/121-es5.e4617d6c332f78a35a4d.js",
        "/appServi/122-es2015.20d1b4241b99671d64a0.js",
        "/appServi/122-es5.a4d928f3baa339d73c84.js",
        "/appServi/123-es2015.6551ed54b329c78769e0.js",
        "/appServi/123-es5.94877f0cd7def37cda7c.js",
        "/appServi/124-es2015.8f8713ebc29bad48a639.js",
        "/appServi/124-es5.7e2d9f05c02ffdf0a10a.js",
        "/appServi/125-es2015.b647e773b312d6de0016.js",
        "/appServi/125-es5.8f9dffeb56b6c5d34e82.js",
        "/appServi/126-es2015.c96d8b88b32c676feee2.js",
        "/appServi/126-es5.d5282ec4f2198534deb0.js",
        "/appServi/127-es2015.bc337c01e28bc50ca450.js",
        "/appServi/127-es5.cfa5fbf59fa2aed878bb.js",
        "/appServi/128-es2015.f1fd68d95321a966b3a9.js",
        "/appServi/128-es5.aa3364320e163cb64020.js",
        "/appServi/129-es2015.db7d7e458b961fd883d9.js",
        "/appServi/129-es5.389b95b4c133b61526e6.js",
        "/appServi/13-es2015.4c0d4a1996b95aa9c6bb.js",
        "/appServi/13-es5.d6e762df5cacd53ece6d.js",
        "/appServi/130-es2015.ac51ea492d954b1d2e50.js",
        "/appServi/130-es5.dabd999e4fcc9a902706.js",
        "/appServi/131-es2015.30f7758b09c4c92166ab.js",
        "/appServi/131-es5.4c4f3429cd84dbd441cc.js",
        "/appServi/132-es2015.0bed2b2d0c5a46a5fe19.js",
        "/appServi/132-es5.bf21b689a4ab530cf811.js",
        "/appServi/133-es2015.e5ca266a39423dffc366.js",
        "/appServi/133-es5.b9541a6d903735870809.js",
        "/appServi/134-es2015.e748d7a1ad94e3a924c1.js",
        "/appServi/14-es2015.b97ea93329e7a1e3059e.js",
        "/appServi/14-es5.7c055910f0220fd97b7d.js",
        "/appServi/15-es2015.5a9e4221a81a7aa64216.js",
        "/appServi/15-es5.6727e527693ee8f7356c.js",
        "/appServi/16-es2015.00113bc7b921f6e3a471.js",
        "/appServi/16-es5.67e0b9cb79371f71eba4.js",
        "/appServi/19-es5.db2e829e36047fd3ebfe.js",
        "/appServi/2-es2015.fc14bbf4f8211fc2f60e.js",
        "/appServi/20-es2015.dd1391db14f1948fee3d.js",
        "/appServi/20-es5.4c61ffa506c8bd839982.js",
        "/appServi/21-es2015.a47e3fce9882f7ee11c1.js",
        "/appServi/21-es5.e45d6fa8a4bb3953fb09.js",
        "/appServi/22-es2015.b366b5384575e35e085e.js",
        "/appServi/22-es5.040a89cf74c97af1f86c.js",
        "/appServi/23-es2015.0a22cdc2eed4e639822f.js",
        "/appServi/23-es5.c36573fdf471742c7fcc.js",
        "/appServi/24-es2015.fe81325cfdcfbc2cb6d5.js",
        "/appServi/24-es5.929db057319dfbd46d11.js",
        "/appServi/25-es2015.6493d721c7c790e125c1.js",
        "/appServi/25-es5.b92cf137634bf7fa67f4.js",
        "/appServi/26-es2015.286b1b07eb1225a48944.js",
        "/appServi/26-es5.f0a03ba2389643cadd91.js",
        "/appServi/27-es2015.16f1ee622e48e3c7234d.js",
        "/appServi/27-es5.c6580c0d5e21b162b89c.js",
        "/appServi/28-es2015.1b59c303d1fcd7f8b420.js",
        "/appServi/28-es5.10c108c9dc0f8577f816.js",
        "/appServi/29-es2015.a73a692eae97a0dee627.js",
        "/appServi/29-es5.683b785abf739599f445.js",
        "/appServi/3-es2015.5c79f2e76e74846ae8ad.js",
        "/appServi/3-es5.f7d19958d12cd9aceb52.js",
        "/appServi/30-es2015.5133577f8744425e5389.js",
        "/appServi/30-es5.d679aa95bf76e4e689e2.js",
        "/appServi/31-es2015.8be7cf8995a8cb600a61.js",
        "/appServi/31-es5.3213764250e7256be19f.js",
        "/appServi/32-es2015.96cfaf442880a2cafdb2.js",
        "/appServi/32-es5.886b469c9a006e3d4bc4.js",
        "/appServi/33-es2015.f1ff86b1a28f89c731a2.js",
        "/appServi/33-es5.e8f9e00437a834a780fd.js",
        "/appServi/34-es2015.16bf30bbb12b082f3393.js",
        "/appServi/34-es5.722556d38c5a4ee31cd0.js",
        "/appServi/35-es2015.8143ebd66f5e13753426.js",
        "/appServi/35-es5.9fc47e3e6d68c5adecb8.js",
        "/appServi/36-es2015.cf5fcc8fb01bdde4cf2f.js",
        "/appServi/36-es5.20e8e63c1276dad45f49.js",
        "/appServi/37-es2015.41d7c1e372a370f0df0f.js",
        "/appServi/37-es5.720cd8341cc2b5c6a474.js",
        "/appServi/38-es2015.cd10115935a2b21aeefa.js",
        "/appServi/38-es5.8f05752d7e27fd54581e.js",
        "/appServi/39-es2015.e5e8430d2a36556bdf7b.js",
        "/appServi/39-es5.cf437f935212f29ae440.js",
        "/appServi/4-es2015.d95afa9f501507c991e2.js",
        "/appServi/4-es5.af39639c354de4e47cbd.js",
        "/appServi/40-es2015.6dad42b46554ade6537b.js",
        "/appServi/40-es5.69ddff6f50b087c53b92.js",
        "/appServi/41-es2015.435f6b7e29cb18787e3b.js",
        "/appServi/41-es5.d7de207fd45dcb8a29d2.js",
        "/appServi/42-es2015.096fc2b8e7c605e05595.js",
        "/appServi/42-es5.6a480af70333717a97f4.js",
        "/appServi/43-es2015.f4f5b2e4d079bb83bf82.js",
        "/appServi/43-es5.a62886236d7c0efcd459.js",
        "/appServi/44-es2015.023d0b02801f3f9ba2a9.js",
        "/appServi/44-es5.0dfab339cd57b527d0ad.js",
        "/appServi/45-es2015.cb4ab01f38d11b8d39d0.js",
        "/appServi/45-es5.86cda4e4dc122f25b016.js",
        "/appServi/46-es2015.c5e7b4d33103391b5f40.js",
        "/appServi/46-es5.38c87685443f07540368.js",
        "/appServi/47-es2015.374e56665f60e0def33a.js",
        "/appServi/47-es5.79ae2d445185840e3108.js",
        "/appServi/48-es2015.a5d2d9c19b48bf6328c0.js",
        "/appServi/48-es5.f3bf61443c3f59424c60.js",
        "/appServi/49-es2015.2bf9b55e91faf23c2410.js",
        "/appServi/49-es5.ccd21d7bf335f58be7aa.js",
        "/appServi/5-es2015.642ace342c010f226189.js",
        "/appServi/5-es5.d45113adf330f7e3431a.js",
        "/appServi/50-es2015.1bcf82e47a5c55d97609.js",
        "/appServi/50-es5.1247859c58a94d3df36d.js",
        "/appServi/51-es2015.5983368c06832aeb5445.js",
        "/appServi/51-es5.7b430b6826997f1b023e.js",
        "/appServi/52-es2015.2dce59805e7c9c6a6879.js",
        "/appServi/52-es5.65c688df5f180eb0c9b7.js",
        "/appServi/53-es2015.09133dfee52afeb9095d.js",
        "/appServi/53-es5.9aa3d14755c8c8e570df.js",
        "/appServi/54-es2015.3e5516c33cd781c6d442.js",
        "/appServi/54-es5.d40a7bc40870ae119366.js",
        "/appServi/55-es2015.01ff9392ccd1489c2a7c.js",
        "/appServi/55-es5.9f3371dd1f636c320dd2.js",
        "/appServi/56-es2015.e15a8c936eb29811736a.js",
        "/appServi/56-es5.63582c5d7077d57b8c10.js",
        "/appServi/57-es2015.00a3751e1f587ed7b336.js",
        "/appServi/57-es5.68660ce0272db7661ddc.js",
        "/appServi/58-es2015.305476ec13ef60b809eb.js",
        "/appServi/58-es5.f11de32af8167fc6518b.js",
        "/appServi/59-es2015.b0aa23d79c1bb994dc05.js",
        "/appServi/59-es5.3c80244c58b62282300a.js",
        "/appServi/6-es2015.8ee05197ad02c24070b8.js",
        "/appServi/6-es5.a9e46dc43faf9f786188.js",
        "/appServi/60-es2015.a4ba64f40da0292da547.js",
        "/appServi/60-es5.44cad11a066afe6dc007.js",
        "/appServi/61-es2015.e8e80250ee7b0a5ac266.js",
        "/appServi/61-es5.b7187925de67828d0ff7.js",
        "/appServi/62-es2015.b757384b8c15bff67578.js",
        "/appServi/62-es5.ad624cac86a7174a04a5.js",
        "/appServi/63-es2015.aaaf8a3b266bbc51c315.js",
        "/appServi/63-es5.53b25d0232a3430e9ee4.js",
        "/appServi/64-es2015.857b37827e47adab74f4.js",
        "/appServi/64-es5.4229e8fdb5ab90db92aa.js",
        "/appServi/65-es2015.6d59b207f5eac5a60174.js",
        "/appServi/65-es5.a00048e4e28a050e55cf.js",
        "/appServi/66-es2015.e90911a0b7f2cc4fbe42.js",
        "/appServi/66-es5.46338ac73a5bdb5865b7.js",
        "/appServi/67-es2015.1f2a68b2495e49d41935.js",
        "/appServi/67-es5.3c0ca51c8f4e4064e618.js",
        "/appServi/68-es2015.fc083c1f76c70b057792.js",
        "/appServi/68-es5.24bf16dda95a025463ca.js",
        "/appServi/69-es2015.322bbeea2e5837472689.js",
        "/appServi/69-es5.5fc7315c64d38b593483.js",
        "/appServi/7-es2015.d80d3b4c5b57396cce67.js",
        "/appServi/7-es5.ad379183734ae4eeac76.js",
        "/appServi/70-es2015.a33d31b3296413d4019a.js",
        "/appServi/70-es5.cb0c9f4092ae725d4526.js",
        "/appServi/71-es2015.05fdda3010ae9ffd68fa.js",
        "/appServi/71-es5.c258cb06f1c2d058419a.js",
        "/appServi/72-es2015.fd4564b2033586e6860a.js",
        "/appServi/72-es5.5b5ce1badf6f50682810.js",
        "/appServi/73-es2015.ac42c8a2b90474c78afa.js",
        "/appServi/73-es5.68e1d8c3a80a932e654f.js",
        "/appServi/74-es2015.348a903d84c561a753ca.js",
        "/appServi/74-es5.4575c6cee71bf74e6fdb.js",
        "/appServi/75-es2015.b733673e4ba2d5dd6ead.js",
        "/appServi/75-es5.8d5c1d8780dd4981c039.js",
        "/appServi/76-es2015.55ff7f9284fe37ff1000.js",
        "/appServi/76-es5.492e06526a68dad7d146.js",
        "/appServi/77-es2015.dcd1cada2719e469a544.js",
        "/appServi/77-es5.fba9f8057cecf88aee11.js",
        "/appServi/78-es2015.d00700139f14fe68269f.js",
        "/appServi/78-es5.73e8a317d787aab3c13c.js",
        "/appServi/79-es2015.9081db9386050f97f6aa.js",
        "/appServi/79-es5.ee3d375d6d1a880494e4.js",
        "/appServi/8-es2015.57c58b3c87774fa4f00d.js",
        "/appServi/8-es5.242bc002def6894b2ae7.js",
        "/appServi/80-es2015.94b563905e2c733c33b9.js",
        "/appServi/80-es5.57d1f05073adc43ac221.js",
        "/appServi/81-es2015.0ad12f27e5ff5a3acb5e.js",
        "/appServi/81-es5.911d13844a6c7fd478f0.js",
        "/appServi/82-es2015.81779113db0e240b1a03.js",
        "/appServi/82-es5.8e4ef37cf0142152be07.js",
        "/appServi/83-es2015.9b3f36d889ef8d8b552f.js",
        "/appServi/83-es5.15a462fa01431417ed6c.js",
        "/appServi/84-es2015.0a781ba1fc1fbf5da889.js",
        "/appServi/84-es5.d85cbbafd98b03c62ec8.js",
        "/appServi/85-es2015.73ecad09cdb6494bfc5f.js",
        "/appServi/85-es5.166de90d26c9f29b646f.js",
        "/appServi/86-es2015.7b9dc98d6d55cc4d3f69.js",
        "/appServi/86-es5.15c8a754b7f4dbbcce05.js",
        "/appServi/87-es2015.12cbc6120378a8644667.js",
        "/appServi/87-es5.9191397a2e9f0cd31bd5.js",
        "/appServi/88-es2015.f12725560eb8b149e632.js",
        "/appServi/88-es5.ef6ae61e84f33e8fa4ce.js",
        "/appServi/89-es2015.dc36f3605d90233cf6b5.js",
        "/appServi/89-es5.12bbee82a3300be40033.js",
        "/appServi/9-es2015.113619e90bb97ecfcfe0.js",
        "/appServi/9-es5.e6e0ca335f4245f80139.js",
        "/appServi/90-es2015.197aebb2b3f9e4924be4.js",
        "/appServi/90-es5.9213c7fb77f90ab37b93.js",
        "/appServi/91-es2015.0954420a26954666fe10.js",
        "/appServi/91-es5.ee0703c53706816ebd52.js",
        "/appServi/92-es2015.6d585dad0c851969957e.js",
        "/appServi/92-es5.5641ece8756edddd384b.js",
        "/appServi/93-es2015.06933742caf586593aa3.js",
        "/appServi/93-es5.d93f1cad87744679182c.js",
        "/appServi/94-es2015.5c370f391a4cd62fc7cf.js",
        "/appServi/94-es5.990d62f0ea2eb2a60790.js",
        "/appServi/95-es2015.aac2ed83b66ed338f76a.js",
        "/appServi/95-es5.c432422f54d8a360e429.js",
        "/appServi/96-es2015.44d433240871d3e461a5.js",
        "/appServi/96-es5.2e8491270502973e21ab.js",
        "/appServi/97-es2015.8e724188bea312b19168.js",
        "/appServi/97-es5.669050bceb6ad421bdfe.js",
        "/appServi/98-es2015.d503dc318bd474df85a3.js",
        "/appServi/98-es5.33f478b87caa575900d1.js",
        "/appServi/99-es2015.c19818e420280c9ec156.js",
        "/appServi/99-es5.4162acb5bbf17ef68f95.js",
        "/appServi/common-es2015.172db733a4af680ab35d.js",
        "/appServi/common-es5.2ef7f484cd21ec7d1509.js",
        "/appServi/index.html",
        "/appServi/main-es2015.73b06f3a803cd50c31b9.js",
        "/appServi/main-es5.6863cf9457b11200c740.js",
        "/appServi/polyfills-es2015.f724466b785c78b6e937.js",
        "/appServi/polyfills-es5.8b59e06134d4b6ae39cf.js",
        "/appServi/runtime-es2015.45071aea606cb549ecb6.js",
        "/appServi/runtime-es5.2f74ac729110a99fcc1d.js",
        "/appServi/styles.0f2f4d9955ae59c905cd.css"
      ],
      "patterns": []
    },
    {
      "name": "assets",
      "installMode": "lazy",
      "updateMode": "prefetch",
      "urls": [
        "/appServi/Rubik-Bold.9a6fb6f5cd3aa4ab1ada.ttf",
        "/appServi/Rubik-Light.7a06846baf7fd2cfb18c.ttf",
        "/appServi/assets/biomp/LICENSE",
        "/appServi/assets/biomp/README.md",
        "/appServi/assets/biomp/biomp.js",
        "/appServi/assets/biomp/images/iphone6_front_black.png",
        "/appServi/assets/biomp/images/iphone6_front_gold.png",
        "/appServi/assets/biomp/images/iphone6_front_white.png",
        "/appServi/assets/biomp/images/iphone6_side_left_black.png",
        "/appServi/assets/biomp/images/iphone6_side_left_gold.png",
        "/appServi/assets/biomp/images/iphone6_side_left_white.png",
        "/appServi/assets/biomp/images/iphone6_side_right_black.png",
        "/appServi/assets/biomp/images/iphone6_side_right_gold.png",
        "/appServi/assets/biomp/images/iphone6_side_right_white.png",
        "/appServi/assets/config/config.ts",
        "/appServi/assets/css/bootstrap.min.css",
        "/appServi/assets/fonts/Rubik-Bold.ttf",
        "/appServi/assets/fonts/Rubik-Light.ttf",
        "/appServi/assets/fonts/Rubik-Medium.ttf",
        "/appServi/assets/fonts/Rubik-Regular.ttf",
        "/appServi/assets/icon/address-card-regular.svg",
        "/appServi/assets/icon/app.png",
        "/appServi/assets/icon/beach.svg",
        "/appServi/assets/icon/building-solid.svg",
        "/appServi/assets/icon/business-time-solid.svg",
        "/appServi/assets/icon/calendar-alt-solid.svg",
        "/appServi/assets/icon/chalkboard-teacher-solid.svg",
        "/appServi/assets/icon/clock-solid.svg",
        "/appServi/assets/icon/coins-solid.svg",
        "/appServi/assets/icon/couple.svg",
        "/appServi/assets/icon/dumbbell-solid.svg",
        "/appServi/assets/icon/dumbbell.svg",
        "/appServi/assets/icon/favicon.png",
        "/appServi/assets/icon/football-tab.svg",
        "/appServi/assets/icon/football.svg",
        "/appServi/assets/icon/globe-africa-solid.svg",
        "/appServi/assets/icon/globe-americas-solid.svg",
        "/appServi/assets/icon/hotel-solid.svg",
        "/appServi/assets/icon/language.svg",
        "/appServi/assets/icon/laptop-code-solid.svg",
        "/appServi/assets/icon/money-check-alt-solid.svg",
        "/appServi/assets/icon/mountain-bike.svg",
        "/appServi/assets/icon/pencil.svg",
        "/appServi/assets/icon/route-solid.svg",
        "/appServi/assets/icon/spa-solid.svg",
        "/appServi/assets/icon/user-tie-solid.svg",
        "/appServi/assets/icon/weightlifter.svg",
        "/appServi/assets/icons/icon-128x128.png",
        "/appServi/assets/icons/icon-144x144.png",
        "/appServi/assets/icons/icon-152x152.png",
        "/appServi/assets/icons/icon-192x192.png",
        "/appServi/assets/icons/icon-384x384.png",
        "/appServi/assets/icons/icon-512x512.png",
        "/appServi/assets/icons/icon-72x72.png",
        "/appServi/assets/icons/icon-96x96.png",
        "/appServi/assets/imgs/capacitacio.jpg",
        "/appServi/assets/imgs/edad.png",
        "/appServi/assets/imgs/futbol.jpg",
        "/appServi/assets/imgs/gym.jpg",
        "/appServi/assets/imgs/gym.png",
        "/appServi/assets/imgs/logo.png",
        "/appServi/assets/imgs/logoseven.png",
        "/appServi/assets/imgs/logoseven2.png",
        "/appServi/assets/imgs/servicios.png",
        "/appServi/assets/imgs/turismo.jpg",
        "/appServi/assets/shapes.svg",
        "/appServi/capacitacio.ac097932b03c9a6a090b.jpg",
        "/appServi/edad.acbe1d2ec7a5b5af42c7.png",
        "/appServi/futbol.5fa119c4e9296ca1b099.jpg",
        "/appServi/turismo.2df62e605afce4933b50.jpg"
      ],
      "patterns": []
    }
  ],
  "dataGroups": [],
  "hashTable": {
    "/appServi/1-es5.971cbf5fc45663de035a.js": "7ec3a7b6bf26fb3266ce5966de3ab1144033b05b",
    "/appServi/10-es2015.ff52bbe1371df46ac2cc.js": "bd0f492c6a8e7ac44eb2b127f8f8a2bb16c54698",
    "/appServi/10-es5.731e1802bfdbbe53fed5.js": "f4abb6c1fc1d8169bd53920626a0b3d7cc771dfe",
    "/appServi/100-es2015.aac6cd2cfd9ba81f218a.js": "4c5d9bfe0ae6de08f3f346070e479631f9b55bdb",
    "/appServi/100-es5.817c698ef4ba1569f61b.js": "79a5320db99956909352a9a6073e7d8defad1a05",
    "/appServi/101-es2015.9abab615e2fc5a813fa8.js": "2bb6386a3c666960f9715e72a56c2b1620749e03",
    "/appServi/101-es5.977baa45fbf70efc51b2.js": "6a7274f27d87620fa9fc333b5a0e4e9527f79495",
    "/appServi/102-es2015.3c8abcab04d857d099fa.js": "b22a7e3d37960afc83211599ecc282af5e81e4e8",
    "/appServi/102-es5.0abbbc42da34510fbe81.js": "1ac0ff59bf5a4d36a97980a9c68dc24ba9453716",
    "/appServi/103-es2015.9ff3abdd891d39bb95b9.js": "823c025f44b746d3accec4d9fc8e8eb7e39b2604",
    "/appServi/103-es5.cb4caaa8e405d003bd73.js": "249dc17000741a934a09c02e262dfa9a3e7f9929",
    "/appServi/104-es2015.49159d65b3ce3769076d.js": "a33066b7b2a40b04524c79b338dfd5310c077f08",
    "/appServi/104-es5.3dc211496654e646fbc4.js": "179703fa4d555572edaf2e20a5bdb509a2cdca64",
    "/appServi/105-es2015.3eb8d7ea2140f2239df0.js": "ae931df760a82be7a971bdc19f159b0bfc49e428",
    "/appServi/105-es5.208587b19ea4fa06ab77.js": "9996c59c6a11cf58af4c4042ad7a693538217250",
    "/appServi/106-es2015.84b3b4e603b853898e8b.js": "0715174b9abfd6104e0ec7862a21d6b8ca8c5fcd",
    "/appServi/106-es5.820e56775b67f5dcfd53.js": "fd519f05d3dc71dc744489496394a09b6df8ceb6",
    "/appServi/107-es2015.c51dfef799591056b36f.js": "2fa869128e2f95c0e5e12c848e8c749983b7934f",
    "/appServi/107-es5.4cabd141a28741af4fe1.js": "a4800f4a94fe8246e3e2a3fa2e51b961c4e7980e",
    "/appServi/108-es2015.1156d82c44605e179195.js": "1265f5620eba50f2efb9477a4badd29441b32a2b",
    "/appServi/108-es5.d106931030e16d180fba.js": "8c90bfe95d1c59751ad0c20247f5d41b2bda7660",
    "/appServi/109-es2015.524ca9cbb12dc9151b72.js": "2fb8fc5577f1cd0e85c13b719a9cb34d4c491bae",
    "/appServi/109-es5.0d56953d05d7fd6a6630.js": "7a53b48650596cb279d59be5ed1b579477e0fc45",
    "/appServi/11-es2015.84d7ca2803ae5175bf68.js": "ac476457ed8276c6f7ba3f399a968c8d022abc2e",
    "/appServi/11-es5.841bedf049077a4480bf.js": "3e3b16ad11017f9f86cf3a222a9c972e80c5a66a",
    "/appServi/110-es2015.d23070e848aaee629a26.js": "b17c0c5bf23db1086af653f112c056eacb4328ef",
    "/appServi/110-es5.2c0eedf786979eaf24b6.js": "a982b1ed6b409c3f6e8e772369d0f14a9c465299",
    "/appServi/111-es2015.f1760fcf6dc9bd32e72e.js": "07f6d4a8fddef25e0899bfab11970baa50ac2baa",
    "/appServi/111-es5.9fa3cb74040e0407470d.js": "0f8b31536e5131cf8495c74c4da5caa61c06335a",
    "/appServi/112-es2015.b090588f1e8d1fa5a49c.js": "b7d0216a29e4a23027f1bd0652aedacb4371f902",
    "/appServi/112-es5.62bd5898546b2d0a0a5a.js": "9b8d926b8567d11cdc3801c42d425cb5272734e3",
    "/appServi/113-es2015.d75966437fce3a889c18.js": "c34944c6b1481f8b4f787d67891dcce14385f213",
    "/appServi/113-es5.80c798a33edd5fb6d61a.js": "f541d7dc11b0b51e576dfa1c1d01e0c97583a70c",
    "/appServi/114-es2015.090919a9bdea97a9f221.js": "68c59e7db2f93359537285263419dfc2bb19c9c5",
    "/appServi/114-es5.d60ff75c5901737e37a8.js": "ec32395b399beb9d9ac759f546d64133685a5d84",
    "/appServi/115-es2015.5eed691497b3321a9475.js": "da37f8c7ad9fb2ed3c348ad32659744ea71e7505",
    "/appServi/115-es5.99ac511f7fd3c32f5eaa.js": "af716b35c1e6d41924795944f00819557b9423ce",
    "/appServi/116-es2015.0c1e3d88b09e7571202a.js": "cce1efd3825113451115e9867293b4f0655f538e",
    "/appServi/116-es5.3b7e292802acaa261f33.js": "2dc341cf67fe0db8069e6889e95f71a3a88b3eed",
    "/appServi/117-es2015.7307c2ed11e56685fc4e.js": "daff725b5a3e3606da74e807cd0d2be6ded5c2fc",
    "/appServi/117-es5.fb4f7bed8f0a33b4c403.js": "ad53d9a706da5dffd9f20dc7d2e8d6d1674c090a",
    "/appServi/118-es2015.26b2373bfc348ff75c87.js": "2501b2f24fbaaeb432ed1fd3d1d48a9900388e4f",
    "/appServi/118-es5.6712c3fac61ef4fe4894.js": "94074a471ef6497b44b0ef37c271b30a4ee5f97b",
    "/appServi/119-es2015.fad5c8cf1e31a7e9674b.js": "8078bedba6dfa9fc4ba84d93b183ff35768f4025",
    "/appServi/119-es5.07598a08b6997457eb3b.js": "7de4306dc2617f9c90b618176c09a8c446703ecd",
    "/appServi/12-es2015.a28e5b6dcb9fc3bace7b.js": "aed2560d59f46cc8c67bd72e616a5915f373ac11",
    "/appServi/12-es5.1b737f7ae5707ee8d872.js": "e14b219405036cc5759782ae771d371255204c70",
    "/appServi/120-es2015.395e606606cbf7a50b79.js": "ba86977b6a850beae511966bcd7c01753195321e",
    "/appServi/120-es5.4f3165c140e271d9de46.js": "e79c6ff68ec6f97253baa3b829e1542ed4200dc3",
    "/appServi/121-es2015.f414f2b600f693d591e4.js": "eb1938a613dfaacd24babc055fb619de42640d48",
    "/appServi/121-es5.e4617d6c332f78a35a4d.js": "5de9bf75214fdb1883b2cc7f00a3b4564a7504bb",
    "/appServi/122-es2015.20d1b4241b99671d64a0.js": "d10bd9cc7e1446dad675e323edaa2501132c63f6",
    "/appServi/122-es5.a4d928f3baa339d73c84.js": "6cf4a3676b1d520b45b17dc1f6468175079eb2ab",
    "/appServi/123-es2015.6551ed54b329c78769e0.js": "9efe88f967040a3175a569c45fa15073ceac4c7b",
    "/appServi/123-es5.94877f0cd7def37cda7c.js": "1206e5ed8ab1eb1586e9fbbe6363c5435f8d1080",
    "/appServi/124-es2015.8f8713ebc29bad48a639.js": "552e8eb3b77071acc3272264c545287d62aaa171",
    "/appServi/124-es5.7e2d9f05c02ffdf0a10a.js": "c7088afb20edc665d0d615dc8b8193cdec997c65",
    "/appServi/125-es2015.b647e773b312d6de0016.js": "ab0cdc4b55f966e01bd6cd6eff5fa7eacccc3b19",
    "/appServi/125-es5.8f9dffeb56b6c5d34e82.js": "c74e42cd42c05a9a91f0c954b56bf4779e18c307",
    "/appServi/126-es2015.c96d8b88b32c676feee2.js": "42ccb2c623076ffd73da9b47640614b58ac185e9",
    "/appServi/126-es5.d5282ec4f2198534deb0.js": "64d675ff37605bead0f23b533fb471f397cfaf9a",
    "/appServi/127-es2015.bc337c01e28bc50ca450.js": "9ca483071e2ea51e885b246d23db3630471ac48b",
    "/appServi/127-es5.cfa5fbf59fa2aed878bb.js": "bdc0f76775357e8d96a2d1e9e0ee1ecf3cd65aed",
    "/appServi/128-es2015.f1fd68d95321a966b3a9.js": "da9f09969f207d35ce416d813e2a384932e2c8da",
    "/appServi/128-es5.aa3364320e163cb64020.js": "0d0f54c5efd863c24c944bedba2b41c9d911f127",
    "/appServi/129-es2015.db7d7e458b961fd883d9.js": "e609f99d89679232fb6d769e4d9cfe30cfa329a0",
    "/appServi/129-es5.389b95b4c133b61526e6.js": "b13b9d073ef64a345a3f37293338eb00ae240691",
    "/appServi/13-es2015.4c0d4a1996b95aa9c6bb.js": "65935cadbf4f2f1953263f8f5e462af96ab42519",
    "/appServi/13-es5.d6e762df5cacd53ece6d.js": "92dcaf986e784c308f12f7e17d3e4df6afb0ebba",
    "/appServi/130-es2015.ac51ea492d954b1d2e50.js": "39c47ddcbe1f9b0e6e06347c1d9c299e1b97b16d",
    "/appServi/130-es5.dabd999e4fcc9a902706.js": "aa149daa2a137a491fe3865e2e0ab9dad96a0f7b",
    "/appServi/131-es2015.30f7758b09c4c92166ab.js": "df3d3714969bf933c52251f29c120d2c8fa42714",
    "/appServi/131-es5.4c4f3429cd84dbd441cc.js": "9ae1608b807017a28a88380d15b159cd00ef4916",
    "/appServi/132-es2015.0bed2b2d0c5a46a5fe19.js": "4a45da059c7d2f01ffa19e9e6445224e6be810cd",
    "/appServi/132-es5.bf21b689a4ab530cf811.js": "4a45da059c7d2f01ffa19e9e6445224e6be810cd",
    "/appServi/133-es2015.e5ca266a39423dffc366.js": "02479ccb3503a7d4b6af6571788408ec4c3ee24b",
    "/appServi/133-es5.b9541a6d903735870809.js": "02479ccb3503a7d4b6af6571788408ec4c3ee24b",
    "/appServi/134-es2015.e748d7a1ad94e3a924c1.js": "91d89bac6a8af83b69680720755944af3bc6eaf4",
    "/appServi/14-es2015.b97ea93329e7a1e3059e.js": "4f67a4404b1f9c50faf00674d975d1dd66ed9d31",
    "/appServi/14-es5.7c055910f0220fd97b7d.js": "5349eb4c26006cfcb30890a21e1ca9c003be5cbd",
    "/appServi/15-es2015.5a9e4221a81a7aa64216.js": "446772ef35d59341e8c6dea6a6a1f0237b6c30da",
    "/appServi/15-es5.6727e527693ee8f7356c.js": "bd2f470d823c9f7bf81c8f309d6695c549e394a5",
    "/appServi/16-es2015.00113bc7b921f6e3a471.js": "4e5aeb08ed14eb4526e1b10886178021fdc93c55",
    "/appServi/16-es5.67e0b9cb79371f71eba4.js": "54fa01e3772ec04245fb3249cdbff75a67da4f89",
    "/appServi/19-es5.db2e829e36047fd3ebfe.js": "4b62b82c2a79f346dfa7c638ed1caf9a71797435",
    "/appServi/2-es2015.fc14bbf4f8211fc2f60e.js": "bc354373e5e2703c557ff7cf7681ea9379178f96",
    "/appServi/20-es2015.dd1391db14f1948fee3d.js": "aa28ef39b1440638250450c8b206725941df1001",
    "/appServi/20-es5.4c61ffa506c8bd839982.js": "d579c91d0146576dc8e85aa1d0fa712927422aa7",
    "/appServi/21-es2015.a47e3fce9882f7ee11c1.js": "859a0a6c6bc2e5529e1b55683e76f27895ff6b12",
    "/appServi/21-es5.e45d6fa8a4bb3953fb09.js": "6f6019b4e2f2abc7e6fcdf8ab32e8f2f6cb10588",
    "/appServi/22-es2015.b366b5384575e35e085e.js": "055ad80212b29def3671ad8ae5865e84d02cec60",
    "/appServi/22-es5.040a89cf74c97af1f86c.js": "ba91b821f74dd38b0ce9dbd8a9fc955dfdc82253",
    "/appServi/23-es2015.0a22cdc2eed4e639822f.js": "c71cc76e5432e5b2bb37dcc25ce31f7df7df9f46",
    "/appServi/23-es5.c36573fdf471742c7fcc.js": "88bc229384cdc49c1dae811a8065435ea0531a75",
    "/appServi/24-es2015.fe81325cfdcfbc2cb6d5.js": "23a7ee6dca3d476ccd594fb5337152d7489b30d6",
    "/appServi/24-es5.929db057319dfbd46d11.js": "da795ec09b9497a2e83dd8d210c0dbaf5246d916",
    "/appServi/25-es2015.6493d721c7c790e125c1.js": "ec0caf4a6d9f4ccdc019ed2113feb032373993c1",
    "/appServi/25-es5.b92cf137634bf7fa67f4.js": "3d1c4c74bd35edb0de054ff2f2f139fba6d02522",
    "/appServi/26-es2015.286b1b07eb1225a48944.js": "f0762860154a9483cd513d697a76f4e08962917b",
    "/appServi/26-es5.f0a03ba2389643cadd91.js": "78eff5e25873765bf340467e88d8345cf5e20420",
    "/appServi/27-es2015.16f1ee622e48e3c7234d.js": "023c32d7bd08a0d833a58535055c4ac03b4d8ba0",
    "/appServi/27-es5.c6580c0d5e21b162b89c.js": "03bc95d696d40e2b65925d99e2497f079e2b7921",
    "/appServi/28-es2015.1b59c303d1fcd7f8b420.js": "36cd1c42fb007b9a398c116cad71537e26b59639",
    "/appServi/28-es5.10c108c9dc0f8577f816.js": "609e4043fc468c79adc7f4048c723dc3bec8ea93",
    "/appServi/29-es2015.a73a692eae97a0dee627.js": "59ba7350f2dd5723b169653b24c75571a767977c",
    "/appServi/29-es5.683b785abf739599f445.js": "21e9cd3264413485928df287713032afe22eea7c",
    "/appServi/3-es2015.5c79f2e76e74846ae8ad.js": "fd606a65c37f68b2fdd34270b3c036b8c6e9a1a2",
    "/appServi/3-es5.f7d19958d12cd9aceb52.js": "016f92a192ad7e7047ba66e2c5b74621ab6ea18d",
    "/appServi/30-es2015.5133577f8744425e5389.js": "ad81f6c38a5fef30e4bb2d494db5c838a58e0b83",
    "/appServi/30-es5.d679aa95bf76e4e689e2.js": "43bd4368f60b73b7a1482f63c6814e0e14358a6b",
    "/appServi/31-es2015.8be7cf8995a8cb600a61.js": "056735e1a5787eeaa8b03bde008007c1948c0c10",
    "/appServi/31-es5.3213764250e7256be19f.js": "49efac21f330970bbdd7250e17b9d7a4f6a7c491",
    "/appServi/32-es2015.96cfaf442880a2cafdb2.js": "e634e8962238d02698ec614a0ec09e305bf3fe4b",
    "/appServi/32-es5.886b469c9a006e3d4bc4.js": "24c6d6bfd765505b0ba01e59a0516e67e556a5b8",
    "/appServi/33-es2015.f1ff86b1a28f89c731a2.js": "265102b1c6ee2e5d17dd92fe4782f3dcdfbf83e6",
    "/appServi/33-es5.e8f9e00437a834a780fd.js": "8b35fdae909a5cd7b09e632008ab5dbdb85b12e7",
    "/appServi/34-es2015.16bf30bbb12b082f3393.js": "34eab014be4b301270d5c1709e31aa48a23b5d64",
    "/appServi/34-es5.722556d38c5a4ee31cd0.js": "44fb116f3889519bb992681d9fe0a68ca51a62b5",
    "/appServi/35-es2015.8143ebd66f5e13753426.js": "fdd042af33bba64380e8d1eb2e0bdc0bcb8c7196",
    "/appServi/35-es5.9fc47e3e6d68c5adecb8.js": "5b6ad6134186b6f560aba482dce67675a27a2315",
    "/appServi/36-es2015.cf5fcc8fb01bdde4cf2f.js": "55d01898229a6878509313a8bfed575928b07309",
    "/appServi/36-es5.20e8e63c1276dad45f49.js": "cac50b8dd83feafe48d70a883c3a959b0dd159a5",
    "/appServi/37-es2015.41d7c1e372a370f0df0f.js": "e4c25c6a42713fb040b2c3441978c8e30b6f5827",
    "/appServi/37-es5.720cd8341cc2b5c6a474.js": "97dab5eecf13014ed45c29d24427b032e5eacf09",
    "/appServi/38-es2015.cd10115935a2b21aeefa.js": "d47d35fa4ac62895e384710df394d6a424bcb1f6",
    "/appServi/38-es5.8f05752d7e27fd54581e.js": "5f962391e5687db32156124a975274334b20c9eb",
    "/appServi/39-es2015.e5e8430d2a36556bdf7b.js": "480212b7e51cc8145f51a42374d0827bc4a0649e",
    "/appServi/39-es5.cf437f935212f29ae440.js": "e99217e42c26637a797c7b7075276f7bd27aac30",
    "/appServi/4-es2015.d95afa9f501507c991e2.js": "4c64e6eb0edb57a17c3d4f4774fe84ca225a08c7",
    "/appServi/4-es5.af39639c354de4e47cbd.js": "024f73f5bf26c2d2372b8799ec3f68e66e2b2ccf",
    "/appServi/40-es2015.6dad42b46554ade6537b.js": "db5e5fb8656c755b7ac7e8142956d2370f8b4a76",
    "/appServi/40-es5.69ddff6f50b087c53b92.js": "ee237bf0cf97622fc14dc2f11b44535ff27156c0",
    "/appServi/41-es2015.435f6b7e29cb18787e3b.js": "ccff6dbac01be89e24c4bfe56adab93e6b296d5b",
    "/appServi/41-es5.d7de207fd45dcb8a29d2.js": "988b0e5db7084d890e49572ff09e301006f0c4f9",
    "/appServi/42-es2015.096fc2b8e7c605e05595.js": "26ae5e14afb296437994d0f89b9777c501abdd54",
    "/appServi/42-es5.6a480af70333717a97f4.js": "fcf6b9bb17c5579819b30eae02da83e1db300bea",
    "/appServi/43-es2015.f4f5b2e4d079bb83bf82.js": "46b92c19442eb244a015e4860f909ff4a246fb59",
    "/appServi/43-es5.a62886236d7c0efcd459.js": "4d7b375f0b3c52b3ca56a2a736f66bec962f60f7",
    "/appServi/44-es2015.023d0b02801f3f9ba2a9.js": "dc15d9506c06f44ede251808c81d525316e90161",
    "/appServi/44-es5.0dfab339cd57b527d0ad.js": "012e7f206735cc45122521b700aa94af1727af3d",
    "/appServi/45-es2015.cb4ab01f38d11b8d39d0.js": "02fcda419b6f660cb8b29ad6209238281bce4bdd",
    "/appServi/45-es5.86cda4e4dc122f25b016.js": "280a9a3d6af009034976a175edfb91d534a8f9ee",
    "/appServi/46-es2015.c5e7b4d33103391b5f40.js": "7a59a508dbf1499b2052a1a50d8671793afde19a",
    "/appServi/46-es5.38c87685443f07540368.js": "0b3d5e82c85e4d011e01605137b00b4256b5e68d",
    "/appServi/47-es2015.374e56665f60e0def33a.js": "c512ed3e294f116765c8a6a19bf137ec55b478bc",
    "/appServi/47-es5.79ae2d445185840e3108.js": "ddc33ea8454325d9e2effea4080cc3dda5d919c1",
    "/appServi/48-es2015.a5d2d9c19b48bf6328c0.js": "9c8976ce4d4778b475fd5e10cf392d168124cb02",
    "/appServi/48-es5.f3bf61443c3f59424c60.js": "05ba1ecd95eadf915b945e6947c14c54948f6849",
    "/appServi/49-es2015.2bf9b55e91faf23c2410.js": "21a7356db1c60a5b67839ae60c9e5123aaee4dce",
    "/appServi/49-es5.ccd21d7bf335f58be7aa.js": "1da6adb568fe361af3a16f6ebfc9efcc124e392b",
    "/appServi/5-es2015.642ace342c010f226189.js": "a5b9e3da798ae4b4e67f0925271ad506c98b746d",
    "/appServi/5-es5.d45113adf330f7e3431a.js": "6452ae5b7c604f9bdadc163632848a78324752bf",
    "/appServi/50-es2015.1bcf82e47a5c55d97609.js": "219762c9b76de5a20958f06feb79a232f632dca8",
    "/appServi/50-es5.1247859c58a94d3df36d.js": "34d27467ee85e68274bbb0b9c13935e952d372b6",
    "/appServi/51-es2015.5983368c06832aeb5445.js": "1c985b343d4220b69a163a1c4ee4e03b07cdedce",
    "/appServi/51-es5.7b430b6826997f1b023e.js": "4ede6db9bb82d21625148ea54618c2f90cf7b704",
    "/appServi/52-es2015.2dce59805e7c9c6a6879.js": "96da621a2cc193dc86cfbf4c8258597d5a98f0e8",
    "/appServi/52-es5.65c688df5f180eb0c9b7.js": "ef155ea16464189d6fc5adef3154e36470f04c4d",
    "/appServi/53-es2015.09133dfee52afeb9095d.js": "1f324b2c8d0d4796d985eba8563b3ed4d5a2684b",
    "/appServi/53-es5.9aa3d14755c8c8e570df.js": "3f5848a2ba5b41cc26f5acde9a12fbd8f5023d71",
    "/appServi/54-es2015.3e5516c33cd781c6d442.js": "287bb3fedc84b9f827be102715106f2e0d419397",
    "/appServi/54-es5.d40a7bc40870ae119366.js": "3ca995080bb993d8679da7e4b8a4cfb05a50d962",
    "/appServi/55-es2015.01ff9392ccd1489c2a7c.js": "c938e849f761d32d39c895aa5839ee5556b10205",
    "/appServi/55-es5.9f3371dd1f636c320dd2.js": "b3d32e34c6e7388c2e13a7d0a22325271a8465dd",
    "/appServi/56-es2015.e15a8c936eb29811736a.js": "064d096527af4c34dba87bf0381001438fc88341",
    "/appServi/56-es5.63582c5d7077d57b8c10.js": "daefcfb23eb1f18dc6091010d89d32a50d68c5f5",
    "/appServi/57-es2015.00a3751e1f587ed7b336.js": "4de80c17ccbbe7efbe19068ffb33d6f90de1cb5c",
    "/appServi/57-es5.68660ce0272db7661ddc.js": "35ecbbac888901530e9fa0ba711d9044fe8c05c2",
    "/appServi/58-es2015.305476ec13ef60b809eb.js": "4ee82988780e7e8da9ceeb5851ddf1eb95fcd088",
    "/appServi/58-es5.f11de32af8167fc6518b.js": "ebea420a6d5de400d020df5570b96c9132134640",
    "/appServi/59-es2015.b0aa23d79c1bb994dc05.js": "1b93c839541f1c357d5905661d446e6cf2ef5a88",
    "/appServi/59-es5.3c80244c58b62282300a.js": "07cec93bf8c01f964ec3b006d247e1374bf6a5d6",
    "/appServi/6-es2015.8ee05197ad02c24070b8.js": "f0e2fd267c95c812cc0d5090d79dd840d70ac5d0",
    "/appServi/6-es5.a9e46dc43faf9f786188.js": "181faab1f1980026aa51a31f5973704e63e2a144",
    "/appServi/60-es2015.a4ba64f40da0292da547.js": "5510656f4a6ee704460fe8571f6ac92a2f4323dd",
    "/appServi/60-es5.44cad11a066afe6dc007.js": "de2ac37fe46c05cf0b01f8c9df43aa570df9552e",
    "/appServi/61-es2015.e8e80250ee7b0a5ac266.js": "0a7705257c875fd7069377c96c50c9ede0ffef8d",
    "/appServi/61-es5.b7187925de67828d0ff7.js": "4feaf24f86c9c6186d8433f3fcae5317810e05aa",
    "/appServi/62-es2015.b757384b8c15bff67578.js": "ee6b31d8d6b154083e374f79eaef8732fcd20f59",
    "/appServi/62-es5.ad624cac86a7174a04a5.js": "e37aba42083349adc3f4f61a3c135bdb0101fd18",
    "/appServi/63-es2015.aaaf8a3b266bbc51c315.js": "7e9a2fe11f49d552db3d1be6b5ad8013aba58013",
    "/appServi/63-es5.53b25d0232a3430e9ee4.js": "a6d9b4cd9a5299bda581209e7e42760e067b48b5",
    "/appServi/64-es2015.857b37827e47adab74f4.js": "34324c11dec8094401002432adeda4677eec2599",
    "/appServi/64-es5.4229e8fdb5ab90db92aa.js": "3a876ca0bd1036be4224ef5c2e89f9df773d4ba7",
    "/appServi/65-es2015.6d59b207f5eac5a60174.js": "8bdf763b5839c58b02076377a127324b9964f5b9",
    "/appServi/65-es5.a00048e4e28a050e55cf.js": "43236faf372edce644ad457de3aa146961581112",
    "/appServi/66-es2015.e90911a0b7f2cc4fbe42.js": "d5523fe7ce20f010c106518561a9c0f227208a70",
    "/appServi/66-es5.46338ac73a5bdb5865b7.js": "6d9814f8735f8f16ae80aabd271ec3b5b6abdbf1",
    "/appServi/67-es2015.1f2a68b2495e49d41935.js": "d2aff3ce4c8f389a22d4c31ee9a1e6696fea4201",
    "/appServi/67-es5.3c0ca51c8f4e4064e618.js": "1368e05327c9a8f54ee218f7111fc1d31f59bfbf",
    "/appServi/68-es2015.fc083c1f76c70b057792.js": "5143bc68a54c86114294f4b4b81361f3e3fbca38",
    "/appServi/68-es5.24bf16dda95a025463ca.js": "0a978fa2cccaeba3c979177d59c4d65de608fac9",
    "/appServi/69-es2015.322bbeea2e5837472689.js": "fc69e1055ff7dd976796465af4abc70a48fa591a",
    "/appServi/69-es5.5fc7315c64d38b593483.js": "ffae8fa3d6e21206c93a18aaefb8dbd8db0d5582",
    "/appServi/7-es2015.d80d3b4c5b57396cce67.js": "ae8a1d7170c16252d0b774cc8f0aa89aaad116e1",
    "/appServi/7-es5.ad379183734ae4eeac76.js": "81ca62e6440152403ca2a5a6329b2b61936cfc93",
    "/appServi/70-es2015.a33d31b3296413d4019a.js": "bc02c037dd423f4c95601096e3fb114f1927857e",
    "/appServi/70-es5.cb0c9f4092ae725d4526.js": "3dd2c527960bb9f8ba91cef45704a094a1627dca",
    "/appServi/71-es2015.05fdda3010ae9ffd68fa.js": "de5bec88174e260949ca5a816b955887c829da01",
    "/appServi/71-es5.c258cb06f1c2d058419a.js": "1a65f2b14d0d61d2f20589a9dde91bb36436cca9",
    "/appServi/72-es2015.fd4564b2033586e6860a.js": "95ba10e810553826c213aa2224f2a86695c4c098",
    "/appServi/72-es5.5b5ce1badf6f50682810.js": "1ae8fd6ee6936a3676aa33c9e0ea94dca894e63e",
    "/appServi/73-es2015.ac42c8a2b90474c78afa.js": "2c0c15c9a2fa3150d2bad3a22e099330fc49dfe6",
    "/appServi/73-es5.68e1d8c3a80a932e654f.js": "c6d0f9bb05473ddd1ffc5768dbf45c4678b6dea2",
    "/appServi/74-es2015.348a903d84c561a753ca.js": "339ac4b780a6ed49f47ba6c1ce8adaab8bba6c78",
    "/appServi/74-es5.4575c6cee71bf74e6fdb.js": "582f2970557e24ad39e1126245753d1c53388b8b",
    "/appServi/75-es2015.b733673e4ba2d5dd6ead.js": "1912f9a14b9c356da21e720dbfb38ec3cba298fd",
    "/appServi/75-es5.8d5c1d8780dd4981c039.js": "fa2edfa84d330511c36e68347acfdb2f868a9d37",
    "/appServi/76-es2015.55ff7f9284fe37ff1000.js": "b01e2409609c399e012c77e17d30c404f9e5de06",
    "/appServi/76-es5.492e06526a68dad7d146.js": "38f37b8248bf352fd7ff83b63ba0e0d84fe88cb5",
    "/appServi/77-es2015.dcd1cada2719e469a544.js": "39d1690e18ac1812720147da6e2d9def2699ec44",
    "/appServi/77-es5.fba9f8057cecf88aee11.js": "51fc08b8ae51dd75d82013d2d39e4c39eaa3f510",
    "/appServi/78-es2015.d00700139f14fe68269f.js": "82783ae858ae3b6f75fbf523def9aed764826c7b",
    "/appServi/78-es5.73e8a317d787aab3c13c.js": "fcd550b772fe5a767978972756b1e4c8f32d5814",
    "/appServi/79-es2015.9081db9386050f97f6aa.js": "54e86ba4839d7a1356dd07bb680c0bdf8e6c46d9",
    "/appServi/79-es5.ee3d375d6d1a880494e4.js": "4b808359862b9a5e1042e17c5b48c26871cf7278",
    "/appServi/8-es2015.57c58b3c87774fa4f00d.js": "fc47a7cda6c7ee419ef88eb9778b8a81bd3f248c",
    "/appServi/8-es5.242bc002def6894b2ae7.js": "5efcc9cfed28038c2534361c79874a23334e179c",
    "/appServi/80-es2015.94b563905e2c733c33b9.js": "ce4afe2c52a10ced674197002da408e741f47a78",
    "/appServi/80-es5.57d1f05073adc43ac221.js": "d94a24e25eb5d689ab34536faf9c38d54b8fadb8",
    "/appServi/81-es2015.0ad12f27e5ff5a3acb5e.js": "775a217af8a1600c6abe3bd3e7dd0d990d09c58d",
    "/appServi/81-es5.911d13844a6c7fd478f0.js": "485c815dbd685fdf0c61e9f7c02dfa8dadcc4075",
    "/appServi/82-es2015.81779113db0e240b1a03.js": "8e4c421d0ec0e2efb6e10b3cf316ad6f4f2f34f8",
    "/appServi/82-es5.8e4ef37cf0142152be07.js": "ca7c3e9beec1f60ec40d5179f67da43e5907444d",
    "/appServi/83-es2015.9b3f36d889ef8d8b552f.js": "ab63938127a7f54659c4aadc9a56f2af89a2d250",
    "/appServi/83-es5.15a462fa01431417ed6c.js": "e5e64d8ebbdae8c93c5ab1d8a5c589a8db5c4d64",
    "/appServi/84-es2015.0a781ba1fc1fbf5da889.js": "f86b2e4aa50fe5bfc871ed9fc65bbf43e2f906b4",
    "/appServi/84-es5.d85cbbafd98b03c62ec8.js": "edc7c93d09a085b9c0ef0b84978bde78b21a1cca",
    "/appServi/85-es2015.73ecad09cdb6494bfc5f.js": "e49e0f42c9ed217e8bdead56fe01ca096967e99e",
    "/appServi/85-es5.166de90d26c9f29b646f.js": "af0680e18f908ca6224379d1736bffe1f66d8f35",
    "/appServi/86-es2015.7b9dc98d6d55cc4d3f69.js": "3ae7d6c37a6c99e15e02167527496e8ea9a77970",
    "/appServi/86-es5.15c8a754b7f4dbbcce05.js": "cb098b1572abd1c694e7fc810eea77ea16c72f9d",
    "/appServi/87-es2015.12cbc6120378a8644667.js": "cab6250b3a760fed715a99c9ccf756553f160b2a",
    "/appServi/87-es5.9191397a2e9f0cd31bd5.js": "c565d7c9bae070f44d2176b8a3560df9382b6582",
    "/appServi/88-es2015.f12725560eb8b149e632.js": "52e7a9d69eaff078353873239b7a3e8cf803688f",
    "/appServi/88-es5.ef6ae61e84f33e8fa4ce.js": "7972821b213a8776c598fe39a6abe79f007dae34",
    "/appServi/89-es2015.dc36f3605d90233cf6b5.js": "a935e4591832f66a4e3fd7701700687b191c2213",
    "/appServi/89-es5.12bbee82a3300be40033.js": "0596171085cf18adfe4fd4a31be971bcf723cb7a",
    "/appServi/9-es2015.113619e90bb97ecfcfe0.js": "bcdc23ee4f04d2d9a7b2811e4ebc2de980231dc9",
    "/appServi/9-es5.e6e0ca335f4245f80139.js": "8140a17e28074873928f71e7be394e8a396220dd",
    "/appServi/90-es2015.197aebb2b3f9e4924be4.js": "d78b187c7caef141f673eca58f94822fe81de321",
    "/appServi/90-es5.9213c7fb77f90ab37b93.js": "ded8f1c01fa7f1f4e831d10df2e4e56b24732957",
    "/appServi/91-es2015.0954420a26954666fe10.js": "6a8dd9dd8af8a9b126e276bd7c7ab8cb5755b29d",
    "/appServi/91-es5.ee0703c53706816ebd52.js": "f0b77305ba6bc168590abc067a5aedce4e6934a0",
    "/appServi/92-es2015.6d585dad0c851969957e.js": "ad6eed02d075a8151dc485d2e81e2a8a50f979f1",
    "/appServi/92-es5.5641ece8756edddd384b.js": "bf34dcdc68d843e203f65b937663ef8b2426d3bd",
    "/appServi/93-es2015.06933742caf586593aa3.js": "bafd00d4b481442e648c611169d23166b5d4012f",
    "/appServi/93-es5.d93f1cad87744679182c.js": "49c1b9a9dfede4e8b37338a04a78cec665897ac9",
    "/appServi/94-es2015.5c370f391a4cd62fc7cf.js": "10dba1d99908d0561944b025dd7d490dd1e8784f",
    "/appServi/94-es5.990d62f0ea2eb2a60790.js": "0f217eca7672339a7fd6c57960f0becdc4442c6a",
    "/appServi/95-es2015.aac2ed83b66ed338f76a.js": "fc581f75bb6af41ed94ec7c614b242e920f8714b",
    "/appServi/95-es5.c432422f54d8a360e429.js": "093952f991b6e78c257bb66897c503eaa81ddc93",
    "/appServi/96-es2015.44d433240871d3e461a5.js": "98b986f266b8aaab19a1f1e25b1efe00b841ecfb",
    "/appServi/96-es5.2e8491270502973e21ab.js": "337a048b9c0c642e24aa483c3a183ff6ed4b7252",
    "/appServi/97-es2015.8e724188bea312b19168.js": "b63f08f395d74e98b3ff62884deeca7cd4755f68",
    "/appServi/97-es5.669050bceb6ad421bdfe.js": "1144ef4931f41d2b83d1fda9881130c428f80ff0",
    "/appServi/98-es2015.d503dc318bd474df85a3.js": "0cb606f9044aabc9f9205913cf0d59789e20c980",
    "/appServi/98-es5.33f478b87caa575900d1.js": "2e1b81836701a28749eca9ee91f560578b3705ed",
    "/appServi/99-es2015.c19818e420280c9ec156.js": "8d5763baa24ec27cb0941c8a5ce17f70b9e1325f",
    "/appServi/99-es5.4162acb5bbf17ef68f95.js": "77f7e10429a4cf9954370946b4a8281bffce0266",
    "/appServi/Rubik-Bold.9a6fb6f5cd3aa4ab1ada.ttf": "37d3e9933d7ea3cd1ea9048a929a9392c506538f",
    "/appServi/Rubik-Light.7a06846baf7fd2cfb18c.ttf": "ab626c8a0e663e9daf5b5064783e06ebfef9c80b",
    "/appServi/assets/biomp/LICENSE": "c24a95f6dc1d93bc556d75663812f4f96452a711",
    "/appServi/assets/biomp/README.md": "836ba936189eadf9ed671884f4a96372897c962c",
    "/appServi/assets/biomp/biomp.js": "2170b1386b32fd9982696b49d75e2af81171fd1a",
    "/appServi/assets/biomp/images/iphone6_front_black.png": "36adb19d57d44bbd381bb88efb578869dd947612",
    "/appServi/assets/biomp/images/iphone6_front_gold.png": "2d3538cb1c7e6147f59c2a3d65d61a8cd449057a",
    "/appServi/assets/biomp/images/iphone6_front_white.png": "342a8b10474ac0554ae438c8f580777bd6a41bc6",
    "/appServi/assets/biomp/images/iphone6_side_left_black.png": "a951109ec1ac5b40337edef8f98d47c2d67695f6",
    "/appServi/assets/biomp/images/iphone6_side_left_gold.png": "994c425747da2e82471034fdc535511a6005e2ae",
    "/appServi/assets/biomp/images/iphone6_side_left_white.png": "fb9e997d71880527b2ac93d6c5059be345e955b5",
    "/appServi/assets/biomp/images/iphone6_side_right_black.png": "13349dbadbc754d892d8f09522cbf5ec208a57f8",
    "/appServi/assets/biomp/images/iphone6_side_right_gold.png": "e78e1e894016e6b1dcb57dca9eb4b5dcc7b67cf2",
    "/appServi/assets/biomp/images/iphone6_side_right_white.png": "3920fc74831b04c52580845a8b9a6bb2a2b8c27d",
    "/appServi/assets/config/config.ts": "ce7a4d69226b0659fd8aa713691a9abffd77015b",
    "/appServi/assets/css/bootstrap.min.css": "60f0159744e3b554a45da027f9e7faa992aed71a",
    "/appServi/assets/fonts/Rubik-Bold.ttf": "37d3e9933d7ea3cd1ea9048a929a9392c506538f",
    "/appServi/assets/fonts/Rubik-Light.ttf": "ab626c8a0e663e9daf5b5064783e06ebfef9c80b",
    "/appServi/assets/fonts/Rubik-Medium.ttf": "1c7160fa20ccc42db9a1fc9245cd8f9367a428ea",
    "/appServi/assets/fonts/Rubik-Regular.ttf": "688c0cbc43d63c4f63cb997018fe889915a9dc7b",
    "/appServi/assets/icon/address-card-regular.svg": "67b8b3b824ec637493acd19961d5bf2be3326bb3",
    "/appServi/assets/icon/app.png": "86961625b986e39ca352bae4963bc6efa856f070",
    "/appServi/assets/icon/beach.svg": "1cc71ffffd570830ae2118d129ade6d7e1e88c37",
    "/appServi/assets/icon/building-solid.svg": "83e8b58be2432001a04a3a6da371164b7fac93c2",
    "/appServi/assets/icon/business-time-solid.svg": "8b047058549c56a8ec9012eebc406ce875810e46",
    "/appServi/assets/icon/calendar-alt-solid.svg": "7ec5b9d8142d6c9667b8040ccdd5cc5b8c3f4abb",
    "/appServi/assets/icon/chalkboard-teacher-solid.svg": "e4d5680d44783aae2322062bedc58c83bb96dff0",
    "/appServi/assets/icon/clock-solid.svg": "268a8189cec90c2d7340ca1e85f6964ea164a65b",
    "/appServi/assets/icon/coins-solid.svg": "a2585a53113589a68d8df8ac06c4631478b43605",
    "/appServi/assets/icon/couple.svg": "6bb7a3e15ce30fbe57c81ff294565a2805d43270",
    "/appServi/assets/icon/dumbbell-solid.svg": "0d3f46a41bad6ab2403feb4e25ec9a5f8619627b",
    "/appServi/assets/icon/dumbbell.svg": "3189c80cc52941de4eb62d8e4ee98e22693837c7",
    "/appServi/assets/icon/favicon.png": "7798b8e0eb61d7375c245af78bbf5c916932bf13",
    "/appServi/assets/icon/football-tab.svg": "c09890b19017fc8563e2c5ee261b8e7085d8216c",
    "/appServi/assets/icon/football.svg": "7eefe9c198b7790503c387761b05e6d4fe34bbea",
    "/appServi/assets/icon/globe-africa-solid.svg": "ed122b6c946ce4c84aae2464923c3147ce7e56f9",
    "/appServi/assets/icon/globe-americas-solid.svg": "742761045dba944130f9a39467b7e369e69250fe",
    "/appServi/assets/icon/hotel-solid.svg": "83283488dbc4518dfc989d3720edc2238055f1b3",
    "/appServi/assets/icon/language.svg": "a5bcb131087c296707bf65b4130126baf5a98414",
    "/appServi/assets/icon/laptop-code-solid.svg": "0647e7a658e2d195112d0bee55d7e307849ca495",
    "/appServi/assets/icon/money-check-alt-solid.svg": "f5d2482331ce906c6d831092b061e2f255d1ba95",
    "/appServi/assets/icon/mountain-bike.svg": "e2a6f958158517f2d99f270f595bed9d9b08a687",
    "/appServi/assets/icon/pencil.svg": "fd252ea9840d4df848dc828af6dee44fa2bf489c",
    "/appServi/assets/icon/route-solid.svg": "9f576302eaf1a7d8c268099375fc599394b32677",
    "/appServi/assets/icon/spa-solid.svg": "373383652d2b28c8c60a9b622079974ccf5402a9",
    "/appServi/assets/icon/user-tie-solid.svg": "9076ab5dcc990a8dfb7fdedb8cdbc0013bd783d0",
    "/appServi/assets/icon/weightlifter.svg": "981dd6db37c61f03f178835a88a62b78c31c13ca",
    "/appServi/assets/icons/icon-128x128.png": "dae3b6ed49bdaf4327b92531d4b5b4a5d30c7532",
    "/appServi/assets/icons/icon-144x144.png": "b0bd89982e08f9bd2b642928f5391915b74799a7",
    "/appServi/assets/icons/icon-152x152.png": "7479a9477815dfd9668d60f8b3b2fba709b91310",
    "/appServi/assets/icons/icon-192x192.png": "1abd80d431a237a853ce38147d8c63752f10933b",
    "/appServi/assets/icons/icon-384x384.png": "329749cd6393768d3131ed6304c136b1ca05f2fd",
    "/appServi/assets/icons/icon-512x512.png": "559d9c4318b45a1f2b10596bbb4c960fe521dbcc",
    "/appServi/assets/icons/icon-72x72.png": "c457e56089a36952cd67156f9996bc4ce54a5ed9",
    "/appServi/assets/icons/icon-96x96.png": "3914125a4b445bf111c5627875fc190f560daa41",
    "/appServi/assets/imgs/capacitacio.jpg": "7eeb42efcd9440237a92bf0e8be3f762ca23ffd0",
    "/appServi/assets/imgs/edad.png": "64c9668628cc9f255f9c4b4814d6b7aa7a4f28d8",
    "/appServi/assets/imgs/futbol.jpg": "e9bb5d96bec37482c7706927cc226e406ce11ed9",
    "/appServi/assets/imgs/gym.jpg": "2c8167b9fdbad4766312324b6d6c6e59d060c1aa",
    "/appServi/assets/imgs/gym.png": "2c8167b9fdbad4766312324b6d6c6e59d060c1aa",
    "/appServi/assets/imgs/logo.png": "bb0bcca3917f680b4ccd3030d1a78f5c091220f7",
    "/appServi/assets/imgs/logoseven.png": "b64b02e0e3a7479e7161ed5c4e1c35a2fc6205ba",
    "/appServi/assets/imgs/logoseven2.png": "dc6872ccc40df9b475bf0e288c882a726df69751",
    "/appServi/assets/imgs/servicios.png": "86961625b986e39ca352bae4963bc6efa856f070",
    "/appServi/assets/imgs/turismo.jpg": "34026b9916a91b31eddf3eaeeb50235c31222c7f",
    "/appServi/assets/shapes.svg": "638f87e27e6fc7ddfd6e6b262ea70d690f6c7011",
    "/appServi/capacitacio.ac097932b03c9a6a090b.jpg": "7eeb42efcd9440237a92bf0e8be3f762ca23ffd0",
    "/appServi/common-es2015.172db733a4af680ab35d.js": "b6d306e903f3c66db52e729640b70780a6e368b1",
    "/appServi/common-es5.2ef7f484cd21ec7d1509.js": "7507d8523579b76da6e013c2d51bfab03d179ea0",
    "/appServi/edad.acbe1d2ec7a5b5af42c7.png": "64c9668628cc9f255f9c4b4814d6b7aa7a4f28d8",
    "/appServi/futbol.5fa119c4e9296ca1b099.jpg": "e9bb5d96bec37482c7706927cc226e406ce11ed9",
    "/appServi/index.html": "023947bb16c836b02d06e0fda11d326a9a3a4cff",
    "/appServi/main-es2015.73b06f3a803cd50c31b9.js": "a4cb6f8c6d2d4b1f7ec8cc9b8ee172b5c7197539",
    "/appServi/main-es5.6863cf9457b11200c740.js": "1b438ea762df1ef1e5cec0f2f1dfdacc077c8f7f",
    "/appServi/polyfills-es2015.f724466b785c78b6e937.js": "7e2f207411b40b1d4a34bd4ce2f68fda13c64e47",
    "/appServi/polyfills-es5.8b59e06134d4b6ae39cf.js": "4e560709a6a04483ee3ab8aab6595d8e2b1cfb21",
    "/appServi/runtime-es2015.45071aea606cb549ecb6.js": "7ff30b2f1d2023ae6a6efea09e0e3dd550000e27",
    "/appServi/runtime-es5.2f74ac729110a99fcc1d.js": "dc356740f51a7d006f4f14791434ed365aa7a46d",
    "/appServi/styles.0f2f4d9955ae59c905cd.css": "3065668e4a944540a64d61c624d5fddc13602b20",
    "/appServi/turismo.2df62e605afce4933b50.jpg": "34026b9916a91b31eddf3eaeeb50235c31222c7f"
  },
  "navigationUrls": [
    {
      "positive": true,
      "regex": "^\\/.*$"
    },
    {
      "positive": false,
      "regex": "^\\/(?:.+\\/)?[^/]*\\.[^/]*$"
    },
    {
      "positive": false,
      "regex": "^\\/(?:.+\\/)?[^/]*__[^/]*$"
    },
    {
      "positive": false,
      "regex": "^\\/(?:.+\\/)?[^/]*__[^/]*\\/.*$"
    }
  ]
}